{"v":"5.5.7","meta":{"g":"LottieFiles AE 0.1.20","a":"","k":"","d":"","tc":""},"fr":32,"ip":0,"op":33,"w":192,"h":192,"nm":"setting","ddd":0,"assets":[],"layers":[{"ddd":0,"ind":1,"ty":4,"nm":"Layer 2 Outlines","sr":1,"ks":{"o":{"a":0,"k":100,"ix":11},"r":{"a":1,"k":[{"i":{"x":[0.667],"y":[1]},"o":{"x":[0.333],"y":[0]},"t":2,"s":[360]},{"t":19,"s":[450]}],"ix":10},"p":{"a":0,"k":[96,96,0],"ix":2},"a":{"a":0,"k":[14,14,0],"ix":1},"s":{"a":0,"k":[461.111,461.111,100],"ix":6}},"ao":0,"shapes":[{"ty":"gr","it":[{"ind":0,"ty":"sh","ix":1,"ks":{"a":0,"k":{"i":[[0,0],[0,0],[-0.272,0.545],[0,0],[0,0],[0,0],[0.192,0.577],[0,0],[0,0],[0,0],[0.545,0.272],[0,0],[0,0],[0,0],[0.577,-0.192],[0,0],[0,0],[0,0],[0.272,-0.544],[0,0],[0,0],[0,0],[-0.192,-0.577],[0,0],[0,0],[0,0],[-0.544,-0.272],[0,0],[0,0],[0,0],[-0.577,0.192],[0,0]],"o":[[0,0],[-0.577,-0.192],[0,0],[0,0],[0,0],[-0.544,0.272],[0,0],[0,0],[0,0],[-0.192,0.577],[0,0],[0,0],[0,0],[0.272,0.545],[0,0],[0,0],[0,0],[0.578,0.192],[0,0],[0,0],[0,0],[0.545,-0.272],[0,0],[0,0],[0,0],[0.192,-0.577],[0,0],[0,0],[0,0],[-0.271,-0.544],[0,0],[0,0]],"v":[[9,-1.5],[7.113,-2.129],[6.535,-3.525],[7.425,-5.303],[5.304,-7.425],[3.524,-6.535],[2.129,-7.113],[1.5,-9],[-1.5,-9],[-2.129,-7.113],[-3.525,-6.535],[-5.303,-7.425],[-7.425,-5.303],[-6.535,-3.525],[-7.113,-2.129],[-9,-1.5],[-9,1.5],[-7.114,2.129],[-6.535,3.524],[-7.425,5.303],[-5.303,7.425],[-3.525,6.535],[-2.129,7.113],[-1.5,9],[1.5,9],[2.129,7.113],[3.524,6.535],[5.304,7.425],[7.425,5.303],[6.535,3.524],[7.113,2.129],[9,1.5]],"c":true},"ix":2},"nm":"Path 1","mn":"ADBE Vector Shape - Group","hd":false},{"ty":"st","c":{"a":0,"k":[0.027456227471,0.022800712959,0.0242376795,1],"ix":3},"o":{"a":0,"k":100,"ix":4},"w":{"a":0,"k":2,"ix":5},"lc":2,"lj":2,"bm":0,"nm":"Stroke 1","mn":"ADBE Vector Graphic - Stroke","hd":false},{"ty":"tr","p":{"a":0,"k":[14,14],"ix":2},"a":{"a":0,"k":[0,0],"ix":1},"s":{"a":0,"k":[100,100],"ix":3},"r":{"a":0,"k":0,"ix":6},"o":{"a":0,"k":100,"ix":7},"sk":{"a":0,"k":0,"ix":4},"sa":{"a":0,"k":0,"ix":5},"nm":"Transform"}],"nm":"Group 1","np":2,"cix":2,"bm":0,"ix":1,"mn":"ADBE Vector Group","hd":false},{"ty":"tm","s":{"a":0,"k":0,"ix":1},"e":{"a":0,"k":100,"ix":2},"o":{"a":0,"k":0,"ix":3},"m":1,"ix":2,"nm":"Trim Paths 1","mn":"ADBE Vector Filter - Trim","hd":false}],"ip":0,"op":33,"st":0,"bm":0},{"ddd":0,"ind":2,"ty":4,"nm":"Layer 4 Outlines","sr":1,"ks":{"o":{"a":0,"k":100,"ix":11},"r":{"a":0,"k":0,"ix":10},"p":{"a":0,"k":[96,96,0],"ix":2},"a":{"a":0,"k":[8,8,0],"ix":1},"s":{"a":0,"k":[461.111,461.111,100],"ix":6}},"ao":0,"shapes":[{"ty":"gr","it":[{"ind":0,"ty":"sh","ix":1,"ks":{"a":0,"k":{"i":[[0,-1.657],[1.657,0],[0,1.657],[-1.657,0]],"o":[[0,1.657],[-1.657,0],[0,-1.657],[1.657,0]],"v":[[3,0],[0,3],[-3,0],[0,-3]],"c":true},"ix":2},"nm":"Path 1","mn":"ADBE Vector Shape - Group","hd":false},{"ty":"st","c":{"a":0,"k":[0.027456227471,0.022800712959,0.0242376795,1],"ix":3},"o":{"a":0,"k":100,"ix":4},"w":{"a":0,"k":2,"ix":5},"lc":2,"lj":2,"bm":0,"nm":"Stroke 1","mn":"ADBE Vector Graphic - Stroke","hd":false},{"ty":"tr","p":{"a":0,"k":[8,8],"ix":2},"a":{"a":0,"k":[0,0],"ix":1},"s":{"a":0,"k":[100,100],"ix":3},"r":{"a":0,"k":0,"ix":6},"o":{"a":0,"k":100,"ix":7},"sk":{"a":0,"k":0,"ix":4},"sa":{"a":0,"k":0,"ix":5},"nm":"Transform"}],"nm":"Group 1","np":2,"cix":2,"bm":0,"ix":1,"mn":"ADBE Vector Group","hd":false}],"ip":0,"op":33,"st":0,"bm":0}],"markers":[]}